feature,importance
discount_rate,38.96429427518593
promotion_type,21.963217811048334
product_id,6.530620307045353
brand,4.8713947879828945
store_id,4.804130346899592
category,4.188704500417623
season,3.545624687304633
store_location,3.436150289183344
day_of_year,2.794287249068266
day_of_week,2.724702873588075
base_price,2.6247333645520095
avg_customers_30d,2.096533213471642
avg_units_sold_30d,0.8742896615866551
month,0.3745968084584563
is_holiday,0.20671982420715382
